{
  "easycom": {
    "autoscan": true,
    "custom": {
      // uni-ui 规则如下配置
      "^uni-(.*)": "@dcloudio/uni-ui/lib/uni-$1/uni-$1.vue"
    }
  },
  "pages": [
    {
      "name": "first-guide",
      "path": "pages/first-guide/index",
      "style": {
        "navigationBarTitleText": "新人引导页",
        "app-plus": {
          "titleNView": false //禁用原生导航栏
        },
        "navigationStyle": "custom" // 使用自定义导航栏，系统会关闭默认的原生导航栏
      }
    },
    {
      "name": "index",
      "path": "pages/main/index",
      "style": {
        "navigationBarTitleText": "首页",
        "app-plus": {
          "titleNView": false //禁用原生导航栏
        },
        "navigationStyle": "custom" // 使用自定义导航栏，系统会关闭默认的原生导航栏
      }
    },
    {
      "name": "remind",
      "path": "pages/remind/index",
      "style": {
        "navigationBarTitleText": "记录提醒",
        "navigationStyle": "custom"
      }
    },
    {
      "name": "remindDetail",
      "path": "pages/remind/detail",
      "style": {
        "navigationBarTitleText": "提醒详情"
      }
    },
    {
      "name": "profile",
      "path": "pages/profile/index",
      "style": {
        "navigationBarTitleText": "个人设置",
        "app-plus": {
          "titleNView": false //禁用原生导航栏
        },
        "navigationStyle": "custom", // 使用自定义导航栏，系统会关闭默认的原生导航栏
        // 微信插件配置
        "mp-weixin": {
          "usingComponents": {
            "myPlugin": "plugin://myPlugin/migulogin"
          }
        }
      }
    },
    {
      "name": "myFamily",
      "path": "pages/my-family/index",
      "style": {
        "navigationBarTitleText": "我的家庭成员"
      }
    },
    {
      "name": "userInfo",
      "path": "pages/user-info/index",
      "style": {
        "navigationBarTitleText": "个人信息"
      }
    },
    {
      "name": "voice",
      "path": "pages/all-voice/index",
      "style": {
        "navigationBarTitleText": "视频特效发音"
      }
    },
    {
      "name": "video",
      "path": "pages/all-video/index",
      "style": {
        "navigationBarTitleText": "视频通话人物形象"
      }
    },
    {
      "name": "guide",
      "path": "pages/guide/index",
      "style": {
        "navigationBarTitleText": "新手指导"
      }
    },
    {
      "name": "feedBack",
      "path": "pages/feedback/index",
      "style": {
        "navigationBarTitleText": "意见反馈"
      }
    },
    {
      "name": "memberBenefits",
      "path": "pages/member-benefits/index",
      "style": {
        "navigationBarTitleText": "权益中心"
      }
    },
    {
      "name": "migu-pay",
      "path": "pages/migu-pay/index",
      "style": {
        "navigationBarTitleText": "咪咕支付"
      }
    },
    {
      "name": "activity-page",
      "path": "pages/activity-page/index",
      "style": {
        "navigationBarTitleText": "活动首页"
        // "app-plus": {
        //   "titleNView": false //禁用原生导航栏
        // },
        // "navigationStyle": "custom" // 使用自定义导航栏，系统会关闭默认的原生导航栏
      }
    },
    {
      "name": "activity-share-page",
      "path": "pages/activity-share-page/index",
      "style": {
        "navigationBarTitleText": "活动分享首页"
        // "app-plus": {
        //   "titleNView": false //禁用原生导航栏
        // },
        // "navigationStyle": "custom" // 使用自定义导航栏，系统会关闭默认的原生导航栏
      }
    },
    {
      "name": "activity-h5-page",
      "path": "pages/activity-h5-page/index",
      "style": {
        "navigationBarTitleText": "活动H5页面",
        "app-plus": {
          "titleNView": false //禁用原生导航栏
        },
        "navigationStyle": "custom" // 使用自定义导航栏，系统会关闭默认的原生导航栏
      }
    }
  ],
  "subPackages": [
    {
      "root": "pages/test",
      "pages": [
        {
          "name": "test",
          "path": "test",
          "style": {
            "navigationBarTitleText": "测试"
          }
        }
      ]
    }
  ],
  "globalStyle": {
    "navigationBarTextStyle": "black",
    "navigationBarTitleText": "亲情管家",
    "navigationBarBackgroundColor": "#FFF",
    "backgroundColor": "#F8F8F8"
  },
  // "tabBar": {
  //   "color": "#1AA86C",
  //   "selectedColor": "#1AA86C",
  //   "borderStyle": "white",
  //   "backgroundColor": "#ffffff",
  //   "list": [
  //     {
  //       "pagePath": "pages/main/index",
  //       "text": "首页"
  //     },
  //     {
  //       "pagePath": "pages/profile/profile",
  //       "text": "个人"
  //     }
  //   ]
  // }
  "style": {
    //手机软键盘升起不让其将页面头部上推
    "app-plus": {
      "softinputMode": "adjustResize"
    }
  }
}
